"station","kpas","lon","lat","name"
2200001,50776.8224043716,30.48856926,50.43994904,"Київ-Пасажирський"
2200046,18.4054794520548,31.88227272,51.17617035,"Вертіївка"
2200332,6.68994413407821,28.739537,49.781631,"Каолінова"
2200722,2.98717948717949,27.72519684,50.08455276,"Колодяжний"
2204001,13849.193989071,36.20360947,49.98952866,"Харків-Пасажирський"
2204642,1.6687898089172,33.27370071,49.9420929,"Зупинка 185 км"
2208001,11851.9016393443,30.74087524,46.46717453,"Одеса-Головна"
2208380,849.68306010929,33.13307571,48.67386246,"Олександрія"
2208530,3244.27397260274,32.60475922,46.65638733,"Херсон"
2208545,20.9867549668874,33.46842957,46.25377655,"Каланчак"
2210001,7440.75068493151,34.081866,44.962076,"Сімферополь-Пасажирський"
2210685,70.5055248618785,33.70246,46.116059,"Армянськ"
2210700,7784.77595628415,35.01510239,48.4777565,"Дніпропетровськ-Головний"
2210710,1090.53825136612,34.388056,45.711667,"Джанкой"
2210736,1.85064935064935,36.181111,45.365,"Чистопілля"
2210765,93.3646408839779,33.780676,45.960404,"Красноперекопськ"
2210775,36.414364640884,35.772954,45.298308,"Сім Колодязів"
2210800,4698.58469945355,35.18782425,47.7952652,"Запоріжжя 1"
2210830,198.431693989071,33.69441605,47.65864563,"Апостолове"
2210965,8.71714285714286,34.005995,45.87089,"Воїнка"
2214000,4812.89297658863,37.74565125,48.04415894,"Донецьк"
2214030,374.037037037037,38.03017426,48.35639191,"Микитівка"
2214200,2705.17647058824,39.28772354,48.57600403,"Луганськ"
2218200,3651.89071038251,24.72385406,48.92542648,"Івано-Франківськ"
2218300,2970.57103825137,25.60083961,49.55389786,"Тернопіль"
2208350,1537.07923497268,31.894444,49.203333,"Ім.Т.Шевченка"
2200300,3606.36612021858,27.00961494,49.41622162,"Хмельницький"
2208390,1092.23224043716,32.68975449,48.71044922,"Знам'янка-Пасажирська"
2200180,494.718579234973,30.10986328,49.81221771,"Біла Церква"
2204482,37.3021978021978,35.44568634,49.36045074,"Красноград"
2210900,1970.58743169399,33.45175552,47.91233444,"Кривий Ріг-Головний"
2218091,447.394520547945,23.44462204,48.84860229,"Славське"
2200200,5697.94535519126,28.5109539,49.23926926,"Вінниця"
2200270,1322.32240437158,28.1119957,49.0340271,"Жмеринка"
2218500,1904.03287671233,25.93018723,48.30121994,"Чернівці"
2208410,719.469945355191,32.26039886,48.52378464,"Кіровоград"
2208002,16.967032967033,30.78601646,46.59428024,"Одеса Східна"
2208119,102.803797468354,30.85088158,48.04113007,"Первомайськ-на-Бузі"
2200040,2311.95901639344,33.18751144,51.2240448,"Конотоп"
2218000,15909.718579235,23.99400711,49.83984756,"Львів"
2210670,1684.75342465753,35.35636139,46.86798096,"Мелітополь"
2218270,144.410468319559,24.20872879,48.05466843,"Рахів"
2200260,747.027322404372,26.60206413,48.68812561,"Кам`янець-Подільський"
2210810,565.218579234973,33.70416641,48.41468811,"П'ятихатки"
2200221,47.6547945205479,27.67146301,49.66830444,"Адампіль"
2200030,1204.81095890411,32.84376144,51.1881752,"Бахмач-Пасажирський"
2204560,368.739726027397,32.97525024,50.02035141,"Лубни"
2208420,255.876712328767,31.32351685,47.57352448,"Вознесенськ"
2208450,855.482191780822,29.528611,47.75,"Котовськ"
2208640,233.569863013699,30.20432281,48.73270416,"Умань"
2218212,26.8393351800554,24.27961731,48.15611267,"Кваси"
2208403,80.6767123287671,31.5161438,48.33256531,"Новоукраїнка"
2204530,93.386301369863,33.32067871,49.99242401,"Ромодан"
2214270,37.15859030837,38.15322113,48.03118515,"Харцизьк"
2218180,74.2790055248619,24.3351326,50.845047,"Володимир-Волинський"
2200302,1271.3825136612,28.83065414,49.70554352,"Козятин-1"
2200150,558.188524590164,29.93019104,50.07924271,"Фастів 1"
2208099,78.1092896174863,31.43352699,49.26882935,"Городище"
2218090,865.319672131148,23.8415947,49.25961304,"Стрий"
2218095,1486.20218579235,22.30059433,48.60934448,"Ужгород"
2208092,174.849315068493,31.263365,47.820052,"Южноукраїнська"
2208444,16.9833887043189,30.271483,47.845017,"Любашівка"
2204460,156.912568306011,34.96863937,50.48196411,"Смородине"
2204550,309.630136986301,32.43426514,50.12174988,"Гребінка"
2214020,210.85,37.82525635,48.96571732,"Красний Лиман"
2204423,29.3333333333333,37.176731,49.693497,"Шевченкове-Південне"
2218030,506.666666666667,25.06038475,48.53464127,"Коломия"
2218213,61.3739612188366,24.35390854,48.25624847,"Ясиня"
2200220,924.073770491803,27.06601906,50.19672012,"Шепетівка"
2204610,1094.37704918033,33.42826843,49.0677948,"Кременчук"
2218150,268.308743169399,25.14084816,50.07413101,"Броди"
2200280,85.4171270718232,27.77495384,48.45773697,"Могилів-Подільський"
2218123,13.9752747252747,22.47851562,48.7330246,"Перечин"
2214010,679.393700787402,37.84540558,48.1217804,"Ясинувата-Пасажирська"
2218020,929.695890410959,24.71249008,51.22125244,"Ковель"
2218400,1571.28961748634,26.23870277,50.62861633,"Рівне"
2218010,580.504109589041,26.25718689,50.52801514,"Здолбунів"
2210780,226.430136986301,34.39128113,47.58579254,"Нікополь"
2208630,75.4958904109589,33.0662117,48.73239136,"Користівка"
2218118,7.52089136490251,22.90197182,49.02316666,"Сянки"
2218217,97.4148351648352,24.5647316,48.29303741,"Ворохта"
2204580,822.456284153005,34.52548981,49.60352325,"Полтава Київська"
2210725,90.489010989011,34.61972046,47.65469742,"Марганець"
2200130,300.964480874317,27.59248543,50.59801102,"Новоград-Волинський 1"
2204450,1741.56284153005,34.80853271,50.92713165,"Суми"
2204380,342.857534246575,37.64479828,49.65264511,"Куп'янськ-Вузловий"
2208536,2394.37534246575,32.06258,46.937816,"Миколаїв-Пасажирський"
2200274,38.8980716253444,31.94291115,51.81399536,"Щорс"
2218218,17.3505747126437,24.57676888,48.34527588,"Татарів"
2218245,95.3801652892562,24.229105,50.39680862,"Червоноград"
2214180,290.335135135135,37.98599625,48.59143829,"Артемівськ 2"
2204430,918.96174863388,36.31904602,48.8914299,"Лозова"
2218165,177.062841530055,25.75276375,50.38652802,"Дубно"
2208430,533.530054644809,28.745718,48.53402328,"Вапнярка"
2218255,125.054794520548,24.551692,48.448131,"Яремче"
2210674,51.027397260274,34.01325989,48.46487045,"Вільногірськ"
2218125,50.9780821917808,25.26094627,50.11898041,"Радивилів"
2200290,64.2029850746269,32.23476028,51.53233337,"Мена"
2200247,32.6666666666667,27.7226963,49.03608322,"Бар"
2208360,153.684931506849,31.40839767,48.24115753,"Помічна"
2218115,136.806010928962,22.20549583,48.4326973,"Чоп"
2210870,60.8493150684931,34.13276291,47.61863327,"Чортомлик"
2204561,18.9806451612903,32.5061264,50.23826981,"Пирятин"
2218033,112.947945205479,25.99858665,51.30635834,"Рафалівка"
2200110,1062.16666666667,28.63460159,50.95708466,"Коростень"
2218060,938.620218579235,25.35106087,50.75797272,"Луцьк"
2218113,8.21666666666667,22.98955154,49.33646011,"Стрілки"
2200032,198.293150684932,32.79928589,51.18108749,"Бахмач-Київський"
2214052,124.942196531792,38.16497421,49.40907288,"Сватове"
2210940,28.7780821917808,35.51135635,48.33351517,"Синельникове 2"
2208362,124.013698630137,31.31185532,49.42998123,"Корсунь"
2210720,701.147540983607,34.60398483,48.49716568,"Дніпродзержинськ-Пасажирський"
2208369,111.260273972603,31.0474704,49.0152513,"Богачеве"
2208417,39.041095890411,29.2658,47.9858,"Слобідка"
2218127,164.945355191257,22.38594627,48.36146927,"Батьово"
2218209,34.6739726027397,24.58483315,48.62417984,"Надвірна"
2214233,21.6261261261261,38.02473831,48.12688065,"Кринична"
2201263,174.814207650273,27.43045807,49.26725006,"Деражня"
2200035,218.854794520548,32.44234848,51.10283279,"Плиски"
2204570,591.745901639344,33.63002777,49.94932175,"Миргород"
2218080,85.7753424657534,26.60293198,51.33877563,"Сарни"
2200210,190.833333333333,27.48794746,50.13956833,"Полонне"
2208367,56.4739726027397,31.39762115,48.99503326,"Шпола"
2218005,295.765027322404,23.21289635,49.5167923,"Самбір"
2204488,18.0328767123288,35.872037,49.148356,"Сахновщина"
2214140,1031.99013157895,37.721389,48.516667,"Костянтинівка"
2200177,51,27.66867828,50.09976578,"Миропіль"
2200016,995.646575342466,33.48028183,51.85832977,"Шостка"
2200176,94.7267759562842,27.80041695,50.07523346,"Печанівка"
2200070,1805.77808219178,31.88860703,51.01798248,"Ніжин"
2214050,694.420664206642,37.174167,48.286111,"Красноармійськ"
2218070,1915.90684931507,22.71199989,48.42920303,"Мукачеве"
2200060,289.252054794521,33.84538651,51.2032547,"Путивль"
2218185,103.306849315068,24.89023018,49.78946304,"Злочів"
2214060,371.034482758621,38.45318604,48.91510391,"Лисичанськ"
2200049,137.38904109589,31.60408211,50.90283966,"Носівка"
2208510,297.728767123288,29.125635,48.088452,"Кодима"
2218280,48.3123287671233,27.22068214,51.27121735,"Рокитне-Волинське"
2200174,101.586301369863,28.1445,50.0193,"Чуднів-Волинський"
2204403,27.121875,37.608783,49.709576,"Куп'янськ-Південний"
2200739,47.4438356164384,28.29333115,49.97116089,"Михайленки"
2214116,85.814371257485,38.488245,48.86935,"Вовчоярська"
2200198,282.48087431694,28.52920532,49.4348793,"Калинівка 1"
2210740,178.457300275482,36.4324,45.3617,"Керч"
2200050,130.624657534247,34.22441864,51.17006302,"Ворожба"
2204611,39.3917808219178,34.268185,49.259403,"Ліщинівка"
2200600,431.345205479452,31.26615524,51.48560715,"Чернігів"
2200810,120.591780821918,34.02236938,52.18385315,"Зернове"
2200103,37.4465753424658,27.64788628,51.22841263,"Олевськ"
2200120,626.489071038251,28.61318016,49.88952637,"Бердичів"
2208518,99.9178082191781,33.52970505,47.48339462,"Високопілля"
2210960,45.8811881188119,35.314167,47.08,"Федорівка"
2201261,12.8425414364641,27.66374588,49.19577026,"Комарівці"
2214240,515.042016806723,38.044384,48.31179047,"Горлівка"
2200007,1637.48087431694,30.6457119,50.43153763,"Дарниця"
2200010,139.371584699454,33.94598007,52.04434967,"Хутір-Михайлівський"
2200242,95.1530054644809,28.32981873,49.10240936,"Гнівань"
2204480,42.358904109589,33.14121628,50.84664917,"Талалаївка"
2214047,21.6185567010309,37.0205574,48.89571762,"Барвінкове"
2200190,174.748633879781,30.98068428,49.64836121,"Миронівка"
2210805,3.81395348837209,34.566667,45.583333,"Азовська"
2201235,13.5192307692308,31.03721619,50.64682007,"Бобрик"
2200044,65.2520547945205,31.66485214,51.36696243,"Ім.Бориса Олійника"
2214220,59.7256097560976,38.3793869,48.63018417,"Попасна"
2214280,351.7805907173,37.948889,48.102222,"Макіївка-Пасажирська"
2208340,813.260273972603,32.049722,49.425833,"Черкаси"
2201156,58.1178082191781,33.79925537,51.94389725,"Івотка"
2208504,71.0794520547945,32.57674408,47.68543625,"Новий Буг"
2204153,13.553125,37.447111,49.677121,"Старовірівка"
2210760,500.186301369863,35.85538483,48.55069733,"Павлоград 1"
2214080,28.4514925373134,39.0231514,48.55485916,"Родакове"
2208521,98.5123287671233,33.196114,47.351719,"Біла Криниця"
2210675,38.7469879518072,35.164241,46.680123,"Якимівка"
2214040,469.041401273885,37.56016159,48.83166885,"Слов'янськ"
2204911,4.003300330033,37.253056,49.667778,"Первомайське-Південне"
2200013,307.805479452055,33.48123169,51.76427841,"Терещенська"
2208440,194.51912568306,32.76350403,48.10830688,"Долинська"
2210790,531.275956284153,34.64642715,46.22600555,"Новоолексіївка"
2214090,880.865853658537,38.77696609,48.48334503,"Комунарськ"
2204590,1019.7349726776,34.59515762,49.58200073,"Полтава-Південна"
2208370,149.095628415301,29.97229004,48.81555557,"Христинівка"
2214110,478.980891719745,37.543056,48.725833,"Краматорськ"
2214134,43.3668639053254,38.57722092,48.62574768,"Первомайськ"
2218290,586.956164383562,22.98799515,48.5516243,"Свалява"
2200057,138.134328358209,32.10670471,50.17776871,"Кононівка"
2200154,84.5643835616438,29.033079,49.848004,"Чорнорудка"
2214092,9.03108808290155,38.6978035,48.43964767,"Кипуча"
2214210,772.214285714286,38.4278,48.3411,"Дебальцеве"
2200020,517.33698630137,33.36281967,51.55152512,"Кролевець"
2210950,40.5316804407714,35.378439,45.168373,"Владиславівка"
2208520,20.4453551912568,29.87870216,47.33597565,"Затишшя"
2214150,23.8798076923077,38.634605,48.408634,"Мануїлівка"
2200004,72.4726775956284,30.53667641,50.40513992,"Київ-Московський"
2218083,11.1521126760563,23.95352554,49.51156616,"Миколаїв-Дністровський"
2210755,30.8571428571429,34.809634,46.380048,"Партизани"
2200009,790.186301369863,30.559063,50.402673,"Видубичі"
2200152,70.6849315068493,29.21246529,49.92425537,"Брівки"
2214070,96.5357142857143,38.58451843,48.51875305,"Стаханов"
2200194,7.49444444444444,28.71545029,49.56540298,"Голендри"
2200059,68.0357142857143,31.79592896,50.2376976,"Яготин"
2200311,100.832876712329,30.44906425,50.43795395,"Караваєві Дачі"
2214190,159.966244725738,38.27385,48.316951,"Вуглегірськ"
2200051,149.12602739726,31.37050056,50.76335144,"Бобровиця"
2200151,343.534246575342,29.45942307,49.94448471,"Попільня"
2204426,47.7178082191781,36.66906738,49.8188591,"Чугуїв"
2218145,462.312328767123,23.18463326,48.71362305,"Воловець"
2200006,165.219178082192,30.37014198,50.38454437,"Вишневе"
2200052,2.39568345323741,31.13568306,50.69010925,"Заворичі"
2208526,94.2465753424657,32.78028488,47.06530762,"Снігурівка"
2210690,801.426997245179,36.803936,46.75098801,"Бердянськ"
2210855,6.40129449838188,34.948215,46.499486,"Сокологірне"
2200061,33.3582089552239,31.50191116,50.32816696,"Березань"
2204512,68.8219178082192,35.1348381,50.34339905,"Кириківка"
2218025,72.4684931506849,24.61468315,49.91688919,"Красне"
2208460,243.24043715847,30.0738163,46.85012054,"Роздільна 1"
2200062,22.4925373134328,31.31659317,50.34658813,"Баришівка"
2214078,75.0726495726496,38.13224792,48.31621933,"Байрак"
2200090,51.1254237288136,28.8175354,51.32494354,"Овруч"
2210735,23.1928374655647,34.735869,45.448644,"Нижньогірська"
2208373,72.7205479452055,30.723319,48.89483,"Тальне"
2218273,38.4438356164384,23.35759544,48.81064224,"Лавочне"
2204526,31.2684931506849,35.21837234,49.85527039,"Коломак"
2210750,1113.3095890411,33.529153,44.594985,"Севастополь"
2210840,306.592896174863,33.47809982,48.04392624,"Рокувата"
2200064,21.6104651162791,30.94447899,50.37704086,"Бориспіль"
2204525,10.1780821917808,35.367342,49.92626,"Водяна"
2200093,52.1616438356164,29.29552269,50.77466202,"Малин"
2200268,170.106557377049,26.20843124,49.53224564,"Волочиськ"
2210880,58.4453781512605,35.383978,45.030114,"Феодосія"
2208353,100.202739726027,32.252222,48.973056,"Фундукліївка"
2218260,121.756830601093,26.14082146,49.52920914,"Підволочиськ"
2200184,286.265753424658,26.70063591,50.36166382,"Кривин"
2204002,767.701986754967,36.24369431,49.9801178,"Харків-Левада"
2208379,62.5643835616438,30.98323631,48.9823494,"Звенигородка"
2218088,222.049315068493,23.50455475,49.03417969,"Сколе"
2200036,38.5780821917808,32.14618301,51.08159256,"Крути"
2200142,46.7561643835616,29.73148346,49.9810791,"Кожанка"
2200240,186.416438356164,27.98413849,49.55939865,"Хмільник"
2200140,103.931506849315,30.29888535,50.31715775,"Боярка"
2204420,128.476793248945,37.30156326,49.21604919,"Ізюм"
2200053,190.413698630137,30.81330872,50.51470947,"Бровари"
2208359,55.6383561643836,31.530068,49.152704,"Цвіткове"
2200230,112.583561643836,27.27894211,49.73361206,"Старокостянтинів 2"
2200141,6.27401129943503,30.10518265,50.1819191,"Мотовилівка"
2214400,1015.74520547945,37.55511475,47.08500671,"Маріуполь"
2210850,41.4804469273743,36.25891495,47.47629929,"Пологи"
2204519,118.742465753425,35.92715454,49.94137955,"Люботин"
2200763,465.145205479452,26.88510704,50.32071686,"Славута 1"
2210699,5.21824104234528,36.295501,47.04213,"Нельгівка"
2208304,2.47305389221557,30.00233269,46.7538147,"Кучурган"
2214250,47.7309417040359,38.19676208,47.92401123,"Іловайськ"
2218965,69.5178082191781,22.87857437,48.5229187,"Карпати"
2219095,101.86301369863,25.46215439,50.83029175,"Ківерці"
2208502,32.0876712328767,32.76313019,47.88314819,"Казанка"
2208544,18.4533333333333,33.16015244,46.42311096,"Брилівка"
2214260,8.7887323943662,38.07767105,48.08588028,"Ханженкове"
2200139,67.9972602739726,30.22492599,50.22576141,"Васильків 1"
2204516,26.5315068493151,35.48994064,50.15671158,"Богодухів"
2214230,344.594520547945,37.48979568,47.60163498,"Волноваха"
2210777,39.7123287671233,36.69855881,47.32795334,"Камиш-Зоря"
2204514,8.73300970873786,35.30903625,50.23041534,"Куп'єваха"
2201143,57.9945205479452,27.5247879,50.13801575,"Понінка"
2210695,13.2252747252747,34.374901,48.552663,"Верхньодніпровськ"
2214013,136.051502145923,36.73203659,48.24965668,"Межова"
2210815,41.155737704918,34.23740387,48.4824791,"Верхівцеве"
2214281,30.6051502145923,37.06277847,47.37386322,"Розівка"
2200003,79.5355191256831,30.43130493,50.41088867,"Київ-Волинський"
2208415,14.2148760330579,32.78866196,48.30960083,"Куцівка"
2210930,96.7541528239203,36.23392105,48.12745667,"Чаплине"
2204508,6.9219512195122,34.91970825,50.54670334,"Скрягівка"
2214023,70.4946619217082,37.68441772,47.9651947,"Рутченкове"
2214279,13.9213973799127,37.19776917,47.47019958,"Зачатівська"
2204507,20.0333333333333,34.87734985,50.65094757,"Боромля"
2214369,65.9297297297297,38.289723,49.922635,"Лантратівка"
2200286,17.641095890411,33.22000504,51.45275116,"Алтинівка"
2210895,60.2191780821918,33.8493,44.7557,"Бахчисарай"
2210845,30.3870967741935,35.32557678,47.2587738,"Пришиб"
2210820,63.0383561643836,34.293972,45.502674,"Урожайна"
2210831,23.6776859504132,35.02594757,47.80973434,"Дніпробуд 2"
2214267,11.9276018099548,37.48587036,47.69825363,"Велико-Анадоль"
2210910,3.97202797202797,35.23220444,48.64247131,"Новомосковськ-Дніпровський"
2200186,111.898630136986,26.49409294,50.4370079,"Острог"
2214009,68.056768558952,36.37220764,48.11766052,"Просяна"
2214375,21.5614973262032,38.717682,49.548628,"Білокуракине"
2208434,89.5928961748634,28.93438148,48.26064682,"Рудниця"
2204410,18.071875,36.23974991,49.93603516,"Основа"
2204494,7.54679802955665,34.37476349,51.0212059,"Вири"
2201239,22.4630136986301,32.26805115,51.08506775,"Хороше Озеро"
2214137,25.5885416666667,38.928332,49.277635,"Старобільськ"
2204428,5.11522633744856,36.47913742,49.83260345,"Мохнач"
2208376,52.1808219178082,30.32891083,48.92014313,"Поташ"
2200244,13.6228070175439,31.492233,52.029957,"Хоробичі"
2208540,33.5425101214575,31.9756012,46.95736313,"Миколаїв-Вантажний"
2200272,20.4341736694678,31.63883781,51.91453171,"Городня"
2204440,76.2164383561644,34.2710228,51.14197922,"Білопілля"
2214089,126.641025641026,37.546314,48.627392,"Дружківка"
2214133,37.4060606060606,38.6049,48.650386,"Голубівка"
2210905,18.8780487804878,34.880454,47.025448,"Нововесела"
2210705,17.7617728531856,35.221618,45.226609,"Кіровська"
2208355,68.8328767123288,32.067778,49.049167,"Кам'янка"
2200175,49.9479452054794,27.95582199,50.05255508,"Разіне"
2214113,261.902527075812,38.37450409,49.00254059,"Рубіжне"
2218098,263.306849315069,24.30907822,49.40077591,"Ходорів"
2210715,13.7759103641457,34.929326,45.339292,"Краснофлотське"
2210920,219.586301369863,35.52536011,48.31430435,"Синельникове-1"
2208338,47.1746478873239,32.07800674,49.65669632,"Золотоноша 1"
2218065,81.6739726027397,23.87702942,47.9498024,"Солотвина 1"
2218206,49.1013698630137,24.73268127,49.13707352,"Галич"
2200179,5.45029239766082,27.2443161,50.15074158,"Хролин"
2214063,56.9873949579832,37.55025482,49.07539368,"Святогірськ"
2210745,15.9424657534247,34.03021,45.127474,"Острякове"
2219085,16.2821917808219,23.69994164,47.99584961,"Тересва"
2201785,49.2356164383562,28.06484413,50.80627441,"Яблунець"
2204613,29.172602739726,34.406173,49.328421,"Нові Санжари"
2214008,58.6923076923077,38.23712158,49.05345154,"Кремінне"
2218105,52.358904109589,23.576641,48.014984,"Тячів"
2204618,10.1293532338308,35.23279953,50.29663086,"Яблучне"
2218089,27.5068493150685,23.4779892,48.91998291,"Тухля"
2208532,44.9407665505226,33.43161774,46.75306702,"Каховка"
2218160,22.5917808219178,23.49448776,48.05618286,"Буштина"
2208336,25.7694524495677,32.30500793,49.95981216,"Драбове-Барятинське"
2218879,19.4369501466276,23.470483,48.976383,"Гребенів"
2204515,6.18023255813953,35.37490082,50.17750549,"Губарівка"
2218204,33.4438356164384,24.64759827,49.2172699,"Бурштин"
2200185,12.2547945205479,26.55732536,50.41514206,"Могиляни"
2214168,11.6093023255814,38.91008759,48.54615021,"Слов'яносербськ"
2200224,29.3150684931507,28.34675789,49.49175262,"Холонівська"
2219115,85.4739726027397,23.2977562,48.16163254,"Хуст"
2218240,825.123287671233,23.51211548,49.2828064,"Трускавець"
2218220,37.2810650887574,25.73849678,48.64538956,"Заліщики"
2214264,13.0891472868217,37.65007401,47.8357048,"Оленівка"
2204540,44.3645161290323,32.38375473,50.58162689,"Прилуки"
2218155,133.358904109589,23.54364204,49.35503006,"Дрогобич"
2218295,33.758904109589,23.14097023,48.15351868,"Королево"
2218170,71.7506849315069,23.026213,48.134167,"Виноградів-Закарпатський"
2204510,126.408219178082,33.46837616,50.7490921,"Ромни"
2204549,9.44554455445545,32.40811539,50.84227753,"Ічня"
2214170,11.1647058823529,38.2000885,48.22639465,"Єнакієве"
2218201,22.172602739726,25.0168438,48.65391541,"Коршів"
2218049,41.4630136986301,25.26075745,50.90970612,"Рожище"
2218175,35.2876712328767,25.30735016,48.47372055,"Заболотів"
2218129,39.986301369863,22.6302433,48.20307159,"Берегове"
2218135,77.9464285714286,25.78888512,49.02715683,"Чортків"
2204573,17.4054794520548,34.14050293,49.63729477,"Решетилівка"
2208470,102.936813186813,28.86506081,48.37924957,"Крижопіль"
2208347,31.707182320442,31.64691544,48.6338501,"Виска"
2210865,40.4831932773109,35.71900558,47.23389435,"Великий Токмак"
2218235,14.0659340659341,23.02441025,49.1522789,"Турка"
2218062,27.085635359116,24.25701141,50.46492004,"Сокаль"
2200080,10.1129943502825,28.153692,49.518809,"Соломірка"
2200112,6.65615141955836,28.6823101,50.45598602,"Горбаші"
2200145,2.37344398340249,27.13220978,50.18026352,"Судилків"
2200196,5.44117647058824,28.55609512,49.4636879,"Воршиця"
2200378,5.85163204747774,25.909223,48.951145,"Залісся"
2200400,515.851648351648,28.69807625,50.26813126,"Житомир"
2201194,2.84057971014493,27.34869385,50.13730621,"Поляни"
2204588,2.51063829787234,33.21486282,49.89928055,"Шишаки"
2208346,28.878453038674,31.67793465,48.79487991,"Новомиргород"
2208546,8.89333333333333,33.59971237,46.18122101,"Вадим"
2218044,24.1274238227147,24.36795807,50.63796234,"Іваничі"
2218148,36.0982142857143,25.69634438,49.29874039,"Теребовля"
2218518,11.3268698060942,23.89587784,51.19818878,"Ягодин"
2204607,4.51549295774648,33.90056229,49.23682022,"Ганнівка"
2218121,8.89166666666667,22.809236,48.982674,"Волосянка-Закарпатська"
2208351,24.827397260274,32.51987457,48.74860382,"Чорноліська"
2204592,41.8763736263736,33.226824,49.399864,"Глобине"
2214068,56.4232558139535,38.0932579,48.87021255,"Сіверськ"
2218122,28.4450549450549,22.45825958,48.89817429,"Великий Березний"
2204591,31.8818681318681,33.189158,49.60341,"Веселий Поділ"
2208427,52.8273381294964,29.23999405,48.63035202,"Ладижин"
2218041,8.34261838440111,24.53276634,51.07969284,"Турійськ"
2210785,35.6515580736544,35.27770996,47.43965912,"Таврійськ"
2208473,18.2802197802198,30.94197083,47.19249344,"Березівка"
2204584,30.8791208791209,35.12755203,49.45528793,"Карлівка"
2200232,51.5769230769231,26.83828545,49.02069092,"Дунаївці"
2204589,31.7994505494506,33.2069397,49.78436661,"Хорол"
2218214,17.2128851540616,24.42246819,48.25804138,"Лазещина"
2208405,5.87784090909091,31.450412,48.034653,"Людмилівка"
2218199,13.7252747252747,24.84537125,48.73638153,"Отиня"
2204486,16.4725274725275,35.768598,49.28531,"Кегичівка"
2204407,3.64953271028037,37.95898056,49.52089691,"Куземівка"
2200229,97.4423076923077,26.9296627,49.44287109,"Гречани"
2218205,42.772602739726,25.53339577,51.29309464,"Маневичі"
2204406,4.59649122807018,37.900833,49.641944,"Кислівка"
2218064,13.8781163434903,24.26314354,50.2921257,"Соснівка"
2200258,65.4234972677596,28.47200012,48.78879929,"Рахни"
2208349,11.8240223463687,31.479855,48.353087,"Адабаш"
2218032,5.55873925501433,25.83443069,51.29958725,"Чарторийськ"
2218151,15.1547619047619,25.90912247,49.19552612,"Хоростків"
2204520,41.6978021978022,33.39891434,50.39868164,"Сула"
2200307,21.4931506849315,32.66767502,51.13534164,"Старий Луг"
2204412,7.75510204081633,37.910606,49.960223,"Тополі"
2204567,20.2219178082192,33.82325363,49.91228485,"Гоголеве"
2218112,11.7988980716253,23.00369453,49.44490433,"Старий Самбір"
2204413,5.26351351351351,37.672222,49.851111,"Дворічна"
2208475,4.56626506024096,30.71993256,46.91059875,"Буялик"
2204606,27.2438356164384,33.84497833,49.22000885,"Козельщина"
2218195,18.0796703296703,26.88480759,51.31245422,"Клесів"
2201242,58.5983606557377,30.754354,51.515057,"Славутич"
2204609,27.6712328767123,34.10367203,49.23070526,"Кобеляки"
2218285,23.8133971291866,24.81586838,50.4497757,"Горохів"
2200264,3.878125,27.2940464,49.29154205,"Коржівці"
2208396,19.021978021978,31.227613,47.363385,"Веселинове"
2204536,10.0635359116022,33.02252579,50.85375595,"Блотниця"
2201157,4.57714285714286,28.4693985,49.95359039,"Мирославка"
2204470,33.8791208791209,32.94485092,50.93739319,"Рубанка"
2204534,7.12569832402235,32.8234024,51.01794434,"Григорівка"
2204421,3.03501945525292,37.568889,49.645278,"Прокопівка"
2200700,16.2904109589041,27.77890396,49.13506317,"Васютинці"
2204568,19.2082191780822,33.88322449,49.81517029,"Яреськи"
2200011,8.17270194986072,33.74446869,51.9106369,"Янпіль"
2210770,146.241666666667,33.355008,45.1999,"Євпаторія-Курорт"
2200038,17.2953020134228,31.15197945,52.05330276,"Горностаївка"
2208507,32.7506849315068,32.470626,47.318798,"Явкине"
2208523,36.7967032967033,32.99234,47.243691,"Березнегувате"
2208337,8.93065693430657,32.15311432,49.76097488,"Пальміра"
2210860,19.5255255255255,33.5991,45.144731,"Саки"
2200243,4.64723032069971,28.14014053,49.08605957,"Браїлів"
2200293,4.72507552870091,28.78344727,49.63998413,"Кордишівка"
2200241,2.28994082840237,28.48849297,49.15060043,"Тюшки"
2200282,10.9542682926829,32.57884598,51.31597137,"Доч"
2200743,16.0858725761773,28.62431526,50.69123459,"Нова Борова"
2204438,26.8753541076487,36.19400787,50.3346405,"Козача Лопань"
2204563,11.8457142857143,32.64363098,50.09553909,"Лазірки"
2200223,24.1181318681319,28.20404816,49.50737381,"Уладівка"
2210709,11.4025974025974,35.614281,47.201973,"Молочанськ"
2204472,62.0824175824176,36.06670761,48.9166069,"Лихачове"
2204467,72.780701754386,36.86193466,49.467659,"Балаклія"
2210698,6.60606060606061,36.31221008,47.22043228,"Верхній Токмак 2"
2200231,28.0741758241758,26.804245,49.17886353,"Ярмолинці"
2210311,4.86520376175549,35.98579407,48.70479965,"Варварівка"
2204544,28.9230769230769,33.97559357,50.38555908,"Гадяч"
2200490,6.71339563862928,26.962806,49.417035,"Речовий Ринок"
2204473,17.7166666666667,36.32127762,49.13994598,"Краснопавлівка"
2214073,24.0855263157895,38.03430557,48.71535873,"Сіль"
2204543,7.75766016713092,33.737667,50.363906,"Венеславівка"
2214278,11.2735426008969,37.41065216,47.48649216,"Хлібодарівка"
2200225,63.8681318681319,27.01443863,49.669487,"Красилів"
2204541,6.56779661016949,33.330455,50.469383,"Юсківці"
2200279,3.97570850202429,32.331604,51.46448135,"Макошине"
2200181,23.6071428571429,27.54928398,49.69370651,"Пасічний"
2204542,14.8076923076923,33.45990753,50.36922836,"Лохвиця"
2204545,7.1878453038674,33.45733261,50.29157257,"Бодаква"
2204546,15.4230769230769,33.44085693,50.19772339,"Сенча"
2200171,2.8219696969697,28.78317642,49.75707245,"Козятин 2"
2204424,6.92258064516129,36.867514,49.728745,"Гракове"
2208461,7.97701149425287,30.833589,47.170783,"Раухівка 1"
2204505,6.39698492462312,34.838333,50.785278,"Сироватка"
2210890,4.42899408284024,34.132527,45.291457,"Елеваторна"
2208472,20.0494505494506,31.01834869,47.30542755,"Колосівка"
2218047,9.73314606741573,25.00635719,51.08349991,"Голоби"
2201126,16.0165289256198,28.51973915,49.45428848,"Робоча"
2200027,8.11977715877437,33.60206604,51.21298218,"Путійська"
2210955,12.8700564971751,36.30743027,47.20722198,"Верхній Токмак 1"
2214109,16.2,38.21578217,49.22686005,"Кабанне"
2201165,8.41340782122905,30.60581017,50.42136002,"Лівий Берег"
2204466,4.03370786516854,36.64030075,49.54437637,"Шебелинка"
2200259,30.1452054794521,28.26795959,48.90226364,"Ярошенка"
2200197,4.85970149253731,28.47605133,49.45650101,"Калинівка 2"
2208519,12.3818681318681,33.442919,47.411268,"Блакитне"
2214148,5.95890410958904,39.02816772,48.95050049,"Новий Айдар"
2208550,36.2046204620462,29.62517738,47.87437439,"Балта"
2200233,20.9625668449198,26.63460159,48.90660477,"Балин"
2218045,47.213698630137,25.50516129,48.4293251,"Снятин"
2218068,2.76727272727273,24.66671753,50.37792969,"Стоянів"
2218210,11.5842696629213,26.59511185,51.56065369,"Дубровиця"
2218152,14.0238805970149,25.92752457,49.09893417,"Копичинці"
2204465,3.77914110429448,36.37155533,49.70707321,"Зміїв"
2208424,21.5648148148148,29.64697838,48.6738472,"Кублич"
2208348,12.1828254847645,31.55133438,48.47145081,"Капустине"
2218053,13.4794520547945,26.0277729,50.75137711,"Клевань"
2218071,4.37341772151899,24.35694504,50.09878159,"Кам'янка-Бузька"
2218003,2.38222222222222,26.75040627,51.74732971,"Удрицьк"
2204581,6.51142857142857,34.83560562,49.46755981,"Селещина"
2201141,3.05901639344262,28.36214066,49.95944595,"Рачки"
2201144,1.40963855421687,31.19707298,51.49447632,"Білоус"
2201203,8.21487603305785,29.6191349,49.96606445,"Чернявка"
2201211,1.78313253012048,27.32051277,50.1418457,"Новичі"
2201233,4.37539432176656,27.129444,49.7125,"Воронківці"
2201244,2.14285714285714,32.54492188,51.1143074,"Велика Загорівка"
2204594,2.1651376146789,33.302778,49.255278,"Рублівка"
2204603,1.78365384615385,33.61978149,49.12649918,"Потоки"
2218015,8.42016806722689,26.44351578,50.87110901,"Костопіль"
2204597,4.43108504398827,33.43366241,49.03672028,"Крюків-на-Дніпрі"
2208409,2.8731884057971,31.309722,47.471944,"Мартинівська"
2208385,11.6147540983607,33.33887482,48.91173172,"Павлиш"
2201178,6.38375350140056,32.92235184,51.1954422,"Хутір Халімонове"
2214054,4.46327683615819,37.6504631,48.86905289,"Слов'янський Курорт"
2208345,9.10833333333333,31.699462,48.915099,"Капітанівка"
2201224,4.87349397590361,32.03749466,51.06238937,"Приостерний"
2204605,8.86501377410468,33.7540741,49.17082977,"Галещина"
2204489,2.99492385786802,36.0189209,48.97470093,"Орілька"
2200265,1.7,27.14103889,49.37388992,"Богданівці"
2200023,2.5593220338983,31.5492878,50.8237114,"Кобижча"
2201232,2.00555555555556,28.51221848,49.94517899,"Райки"
2200425,1.99337748344371,27.591673,49.204305,"Кориченці"
2201162,3.53264604810997,27.71490669,49.17765808,"Радівці"
2200101,5.94017094017094,28.05074692,51.11743164,"Білокоровичі"
2201186,2.41984732824427,27.94259834,49.09861755,"Дубки"
2200195,4.1030303030303,28.59152985,49.48649979,"Гулівці"
2204529,6.01416430594901,34.972443,49.744079,"Кочубеївка"
2204528,22.4630136986301,35.067778,49.778056,"Скороходове"
2204524,4.68245125348189,35.55591583,49.91829681,"Ков'яги"
2200170,1.41935483870968,28.833333,49.716667,"Козятин-Пасажирський"
2208102,6.67226890756303,33.61917877,47.57058716,"Дубки Рзд"
2210766,1.83018867924528,35.366667,45.033333,"Айвазовська"
2210696,1.83050847457627,36.37363052,47.46944046,"Гусарка"
2208524,8.05292479108635,32.946499,47.161412,"Калініндорф"
2210832,11.0721649484536,35.78411102,47.56048203,"Оріхівська"
2214066,4.62365591397849,37.9425,48.932222,"Ямпіль"
2204427,4.15899581589958,36.56439209,49.82779694,"Есхар"
2208528,19.4216027874564,34.37462234,46.94227982,"Сірогози"
2208483,3.32017543859649,30.55885506,46.33219528,"Аккаржа"
2208316,3.11904761904762,34.064167,46.867222,"Велика Благовіщенка"
2208485,4.12380952380952,30.53121185,46.14429474,"Кароліно-Бугаз"
2200720,2.34123222748815,33.95466232,51.17766571,"Клепали"
2200173,2.22631578947368,28.40901375,49.94799423,"Демчин"
2208560,20.5463258785942,30.33775139,46.18518066,"Білгород-Дністровський"
2209433,2.94554455445545,32.12435913,48.51893234,"Лелеківка"
2208398,1.84705882352941,31.97153664,48.51654816,"Шостаківка"
2208744,3.43464052287582,32.830667,48.053022,"Тимково"
2210875,2.57872340425532,36.40222549,46.94784546,"Єлизаветівка"
2208580,277.51497005988,28.81253624,45.35996628,"Ізмаїл"
2200322,3.5,30.83953094,51.5071106,"Демійка"
2200406,3.08132530120482,32.701127,51.146405,"Зупинка Пункт 669 км"
2201137,4.61918604651163,33.12428284,51.21535873,"Кукілка"
2201792,6.4922600619195,28.09166527,49.53284454,"Курилівка"
2210732,2.92021276595745,35.912222,45.328056,"Останіне"
2208422,11.9238410596026,30.89317131,48.10910797,"Підгородна"
2200256,2.88842975206612,28.71915627,48.60254288,"Журавлівка"
2208625,6.43321299638989,30.786707,47.911752,"Кам'яний Міст"
2208443,18.1700680272109,30.585944,47.877292,"Врадіївка"
2214015,2.4,37.375833,48.257222,"Гродівка"
2218911,11.1815642458101,22.601124,48.944469,"Кострино"
2208406,5.24277456647399,31.27280426,47.9101181,"Кавуни"
2208445,3.87209302325581,30.116667,47.85,"Заплази"
2208447,23.4809688581315,29.876134,47.836518,"Жеребкове"
2218216,4.53763440860215,24.499722,48.287778,"Вороненко"
2200252,25.879746835443,27.77980423,48.60730743,"Вендичани"
2208490,14.2596153846154,29.42002487,45.99691391,"Арциз"
2218029,3.21904761904762,25.13292503,51.2722702,"Поворськ"
2200250,12.2929292929293,27.7544899,48.78730392,"Котюжани"
2200249,3.98897058823529,27.7544136,48.88380814,"Копай"
2204539,5.52678571428571,33.37401581,50.56262207,"Андріяшівка"
2204414,1.69444444444444,37.613333,49.701667,"Заоскілля"
2218036,8.85164835164835,27.06884956,51.301651,"Томашгород"
2204615,3.12110726643599,34.51921082,49.39603424,"Мала Перещепинська"
2200234,3.56129032258065,27.89876556,49.10031128,"Сербинівці"
2200317,1.72631578947368,28.74782372,49.6016655,"Миколаївка"
2210711,2.05208333333333,35.508889,47.080833,"Світлодолинське"
2204518,1.63917525773196,35.7641449,50.00772095,"Мерчик"
2218075,2.46382978723404,25.964722,48.018056,"Вадул-Сірет"
2218480,14.4461077844311,23.86827087,47.96387863,"Солотвино-Лікарня"
2204509,4.40540540540541,35.06388855,50.40192413,"Бакирівка"
2208515,1.74137931034483,31.60553741,47.25178146,"Зелений Гай"
2208514,1.95348837209302,31.71715164,47.18756104,"Ясна Зоря"
2208425,13.5018315018315,29.44395828,48.71039963,"Зятківці"
2208426,10.3272058823529,29.36342239,48.6214447,"Губник"
2208428,4.68062827225131,29.08543205,48.57117462,"Демківка"
2208429,17.9926470588235,28.99338722,48.57859802,"Кирнасівка"
2208458,7.04651162790698,29.288889,46.049167,"Веселий Кут"
2200172,1.92424242424242,28.67041779,49.85993576,"Іванківці"
2204547,1.83898305084746,33.407222,50.09,"Дубровський Кінний З-Д"
2204949,2.84862385321101,33.47505188,50.24747086,"Зупинка Пункт 146 км"
2208394,3.23529411764706,32.88352203,48.67589569,"Пантаївка"
2218219,8.70505617977528,24.61633492,48.50862885,"Ділятин"
2204490,4.46991404011461,33.31293869,50.81659317,"Рогинці"
2218037,6.1536312849162,27.36830139,51.26298523,"Остки"
2218445,12.5260273972603,24.49484444,49.25999451,"Букачівці"
2200056,14.9323308270677,32.26845551,50.14809799,"Мар'янівка"
2200730,2.83904109589041,28.37977028,51.03497314,"Лугини"
2201149,8.984,32.00826645,50.19193649,"Богданівка"
2210804,3.50488599348534,34.164167,45.834722,"Пахарівка"
2210702,2.99193548387097,36.281111,47.262222,"Синя Гора"
2205954,4.16272189349112,33.601111,50.354722,"Коновалове"
2210713,6.625,35.32002258,47.16667938,"Плодородна"
2210697,3.50595238095238,36.65129,47.246922,"Більманка"
2208486,13.390243902439,30.44998932,46.06425095,"Бугаз"
2218251,4.19867549668874,25.7767601,48.43624496,"Кіцмань"
2218179,11.5096774193548,25.72280693,48.85325623,"Товсте"
2218120,10.3085399449036,26.30300522,51.31143951,"Антонівка"
2200729,3.77474402730375,27.44318581,49.7233696,"Ложава"
2204155,4.29197080291971,36.44681168,49.84425735,"Зелений Колодязь"
2208368,7.36728395061728,31.216944,48.9875,"Іскрене"
2208377,14.9536082474227,30.226944,48.916111,"Подібне"
2208466,10.3911764705882,26.283106,48.22427,"Новоселиця"
2209390,2.24074074074074,31.355272,48.990905,"Дар'ївка"
2209514,5.31384615384615,31.153333,48.995278,"Стецівка"
2209515,93.1292134831461,30.05040741,48.77707672,"Розсішки"
2209519,13.914201183432,31.315556,48.978889,"Васильків"
2208412,1.87301587301587,32.66366577,48.56899643,"Медерове"
2208495,2.8110599078341,29.18753433,45.79032516,"Аліяга"
2200029,4.98563218390805,32.99798965,51.20304871,"Халимонове"
2208491,10.5365853658537,29.91291428,46.04020309,"Кулевча"
2208489,3.72674418604651,30.065,46.121111,"Кантемир"
2200219,1.26315789473684,26.8536644,49.32418442,"Скібнево"
2218069,4.49538461538462,24.62532997,50.28424454,"Радехів"
2204939,1.48,37.701944,49.791389,"Мовчанове"
2200068,2.71129707112971,30.63703918,51.51174545,"Неданчичі"
2200387,1.91011235955056,28.203417,49.087051,"Козачівка"
2201153,2.07647058823529,28.2741909,49.09207535,"Могилівка"
2200165,1.79674796747967,29.44604683,49.32123947,"Десенка"
2204425,4.55474452554745,36.813056,49.776389,"Коробочкине"
2208539,7.1878453038674,32.307681,46.809148,"Копані"
2200028,4.67771084337349,33.53959656,51.21395874,"Грузьке"
2201168,1.84090909090909,33.46556091,51.21517181,"Дубинка"
2200287,2.32142857142857,33.38690567,51.19921112,"Дубов'язівка"
2208395,2.25862068965517,32.3671608,48.68513107,"Трепівка"
2208366,11.0501792114695,31.495,49.051944,"Сигнаївка"
2208378,12.3441558441558,30.115278,48.905278,"Яроватка"
2209406,11.1657458563536,30.653889,48.9075,"Гордишівка"
2208533,2.99107142857143,33.332222,46.786667,"Козацька"
2208413,5.75498575498576,32.78938293,48.50321198,"Шарівка"
2208386,1.28915662650602,33.16366959,48.82173157,"Лікарівка"
2210703,4.26388888888889,35.366667,46.37,"Кирилівка"
2201262,1.65909090909091,27.52899361,49.21191025,"Нова Гута"
2200718,2.86779661016949,28.79079247,49.74811935,"Залізничне"
2200768,2.48360655737705,27.83015442,49.10876465,"Стодульці"
2204571,2.66896551724138,33.98192978,49.72956848,"Сагайдак"
2208525,4.01840490797546,32.885,47.101111,"Туркули"
2200058,17,31.95095444,50.20433044,"Черняхівський"
2204538,2.15740740740741,33.42264938,50.60346222,"Перекопівка"
2200758,7.6,30.18560982,49.77943039,"Роток"
2208531,4.02661596958175,33.85233307,46.83171463,"Братолюбівка"
2200008,107.732954545455,30.3889904,50.45734024,"Святошин"
2208104,1.36842105263158,33.558889,46.773056,"Заповітне"
2200183,1.97849462365591,26.95407104,50.25718307,"Цвітоха"
2208423,2.84782608695652,29.79098511,48.75309372,"Розкошівка"
2208400,3.03246753246753,32.673333,48.713611,"Знам'янка"
2208401,6.55681818181818,31.72652817,48.46103287,"Плетений Ташлик"
2208419,3.14042553191489,31.26403999,48.16831207,"Глиняна"
2208421,4.83712121212121,31.035938,48.12382,"Бандурка"
2208435,7.40384615384615,28.97570038,48.21522903,"Попелюхи"
2209382,3.13888888888889,28.92207909,45.51850128,"Ташбунар"
2208496,6.54511278195489,29.11493683,45.65097046,"Дзинілор"
2218508,2.20720720720721,24.25723076,48.10385513,"Білин"
2208407,3.44408945686901,31.303611,47.701667,"Трикратне"
2200138,9.90688259109312,27.30675888,50.29082489,"Майдан-Вила"
2200137,15.8106312292359,27.39587975,50.35779572,"Радулин"
2200136,3.23699421965318,27.50102806,50.42502594,"Колодянка"
2218014,15.4431818181818,24.59378433,48.39690399,"Микуличин"
2201191,4.61538461538461,27.87041283,50.06325531,"Гордіївка"
2204422,2.15642458100559,37.35393906,49.66601944,"Гроза"
2204429,3.21965317919075,36.351696,49.853439,"Тернове"
2200115,4.25308641975309,28.66461563,50.10778809,"Кодня"
2200797,2.70508474576271,28.24116135,49.98454285,"Вакуленчук"
2200790,1.58119658119658,27.05878067,49.40283203,"Ракове"
2200392,1.325,30.746111,50.702778,"Літки"
2200754,1.60869565217391,28.5181694,49.17469406,"Парпурівський"
2204888,3.28846153846154,36.9325,49.7215,"Пролісний"
2208471,1.46153846153846,30.548889,46.5775,"Дачна"
2208534,1.69444444444444,33.144722,46.917222,"Матросівка"
2208535,2.15243902439024,32.851667,47.041667,"Івано-Копине"
2218232,1.85365853658537,26.259722,50.509444,"Здолбунів-Південний"
2200135,1.72549019607843,27.56035614,50.50217056,"Орепи"
2208476,1.83132530120482,30.78491592,46.73736191,"Кремидівка"
2201135,1,30.318773,50.344643,"Тарасівка"
2201278,1.41666666666667,27.96345901,49.09107208,"Лопатиниці"
2210734,3.05714285714286,36.034722,45.355556,"Прісноводна"
2208474,1.51851851851852,30.75343513,47.00865173,"Сербка"
2208497,5.50375939849624,28.97642326,45.62676239,"Котлабух"
2208492,6.69291338582677,29.67925072,46.01568222,"Сарата"
2210712,2.12280701754386,35.00708771,47.0332756,"Українська"
2204537,2.60240963855422,33.48855972,50.6551857,"Біловоди"
2200759,1.44444444444444,28.53429604,49.38567352,"Сальницький"
2201201,4.72115384615385,32.39198303,50.12630081,"Слобода-Петрівка"
2200025,11.7,31.6555481,50.2646637,"Переяславська"
2201184,1.64044943820225,34.00897217,51.16490936,"Карпилівка"
2200746,2.66390041493776,27.83020782,49.60905075,"Новодубровський"
2208342,14.4946996466431,31.873056,49.211667,"Сміла"
2208357,13.7307692307692,31.716111,49.223056,"Перегонівка"
2208358,18.1782178217822,29.9125,48.91,"Володимирівка"
2208375,14.6208955223881,30.535278,48.915556,"Шаласька"
2201131,1.34126984126984,28.44605255,49.12477493,"Яришівка"
2210885,3.528,36.513056,47.433333,"Магедове"
2208482,1.35955056179775,30.628889,46.355278,"Ксенієве"
2200045,8.88679245283019,31.78329659,51.32714081,"Вересоч"
2208538,2.62672811059908,32.196389,46.86,"Котляреве"
2200034,2.34782608695652,32.62225723,51.12662125,"Черемушки"
2210795,2.67555555555556,36.61478806,46.87879944,"Трояни"
2208487,1.81052631578947,30.35367775,46.14057159,"Шабо"
2208331,1.48979591836735,31.4675,48.102222,"Олійникове"
2200005,4016,30.596507,50.46136,"Київ-Дніпровський"
2200002,658.52380952381,30.499807,50.484497,"Київ-Петрівка"
2210842,1,33.64783859,48.42707825,"П'ятихатки-Стикова"
2209391,1.58333333333333,30.785321,48.001935,"Кінецьпіль"
2210737,2.04201680672269,36.296111,45.379444,"Багерове"
2210843,1.26086956521739,35.665278,45.261111,"Бранне Поле"
2201155,3.31692307692308,30.50605011,50.42654419,"Протасів Яр"
2218415,3.42248062015504,26.26018715,50.557827,"Квасилів"
2214039,18.6944444444444,37.73337555,48.14906693,"Авдіївка"
2214041,1.72413793103448,37.61177826,48.2413559,"Очеретине"
2200695,2.54789272030651,28.99028397,49.81751251,"Білосілля"
2208516,2.11881188118812,31.39963341,47.29895401,"Новокатеринівка"
2200701,1.84615384615385,27.17435646,50.16755676,"Ватутіне"
2208494,4.67256637168142,29.22149467,45.86062622,"Главані"
2200736,1.25581395348837,27.24626923,49.3194046,"Масивці"
2208111,1.56521739130435,32.38222885,48.58927917,"Канатове"
2208527,10.6980198019802,32.75569916,46.95970917,"Галаганівка"
2208433,2.64150943396226,30.39840126,46.61381912,"Вигода"
2208411,1.40366972477064,32.62593842,48.64274979,"Сахарна"
2200315,1.31818181818182,34.45766449,51.24052811,"Волфине"
2208391,1.625,33.392222,48.5925,"Щаслива"
2204953,2.65250965250965,33.55492783,50.34919357,"Зупинка Пункт 9 км"
2210074,1.3,35.559722,45.243056,"Семисотка"
2210730,15.3840579710145,35.1845932,47.82132339,"Запоріжжя 2"
2200761,1.69230769230769,26.32144737,50.47515106,"Семилітка"
2210701,43.603305785124,35.06369781,48.43785095,"Дніпропетровськ-Південний"
2200144,1.25,30.021667,49.958056,"Устинівка"
2200284,1.72222222222222,28.72171402,49.80316925,"Глухівці"
2200345,1.75,28.596111,50.895556,"Щорсівка"
2208341,2.97122302158273,31.892222,49.305278,"Білозір`Я"
2208441,3.15151515151515,29.486389,47.832222,"Борщі"
2210829,1.88372093023256,36.77148819,46.79378891,"Берда"
2200187,1.49242424242424,26.36126518,50.46162796,"Івачкове"
2204176,1.73333333333333,35.57410431,50.08425522,"Гавриші"
2205956,1.66666666666667,33.84443665,50.3698616,"Осняги"
2200043,2.56756756756757,31.55423927,51.42617798,"Муравійка"
2208371,44.8780487804878,30.844444,48.930833,"Розсохуватка"
2204533,2.00909090909091,32.83588409,51.09749985,"Курінь"
2204200,1.78787878787879,34.573684,49.712029,"Петрівка"
2209472,21.4959349593496,30.828889,48.995556,"Гусакове"
2201274,1.58333333333333,33.41650009,51.20167542,"В'язове"
2201121,10.3076923076923,31.2137146,50.35920334,"Новотроянда"
2200273,1.88636363636364,31.78041649,51.8637886,"Камка"
2218132,3.62264150943396,23.2637558,48.72633362,"Скотарське"
2210689,1.4,35.53562164,47.72449112,"Фісаки"
2201267,2,27.57812119,50.11003113,"Блидні"
2200039,9.29064039408867,31.15661812,51.96614456,"Грибова Рудня"
2200318,1.81081081081081,28.53332138,49.26917267,"Вінниця-Вантажна"
2200109,1.54761904761905,28.62003899,50.7697258,"Красносілка"
2200799,1.18181818181818,27.39180565,50.13111877,"Ганнусине"
2201229,1.4,28.05376244,50.03164673,"Довбище"
2218202,1.72327044025157,25.072222,48.602222,"Годи-Турка"
2201260,1,30.05558586,50.16565323,"Півні"
2208392,1.83653846153846,33.5022049,48.50817871,"Зелена"
2209507,1.1,32.7598877,46.67618179,"Антонівка"
2200077,35.4102564102564,28.58566666,51.28949738,"Хайчнорин"
2204595,1.05882352941176,34.356667,49.568611,"Мазурівка"
2208512,1.5,31.93276024,47.09125519,"Баловне"
2209493,1.76829268292683,29.53620148,45.98905563,"Гнаденталь"
2208079,3.59259259259259,30.060278,48.909167,"Ліщинівка"
2208080,3.30985915492958,31.101862,49.016222,"Шахта"
2200774,2.9258064516129,29.34070587,49.95148087,"Харліївка"
2200292,1.99095022624434,26.82440948,50.33189774,"Баранне"
2208315,1.27536231884058,34.053611,46.916389,"Нові Олешки"
2201238,2.89878542510121,26.60271263,50.38381195,"Бадівка"
2200108,1.35714285714286,28.58908463,50.86264038,"Ушомир"
2200333,1,32.58102,50.647554,"Селище Лісове"
2208453,1.81818181818182,29.583333,47.65,"Чубівка"
2200055,2.359375,32.3521843,50.13277435,"Паризька Комуна"
2200024,1.42857142857143,34.08625412,51.16959763,"Кошари"
2201189,1.83333333333333,34.13476944,51.1737175,"Бабаківка"
2214139,3.95,38.56119537,48.67223358,"Мар'ївка"
2209452,1.33333333333333,30.777778,46.844722,"Чорноморська"
2202262,2,33.50065231,51.21459198,"Зафатівка"
2210802,1.42857142857143,35.32590103,46.93420792,"Обільна"
2208073,15.9032258064516,30.098333,48.729444,"Паланка II"
2209489,2.63636363636364,31.2919,48.9931,"Прудянка"
2218921,513.25,24.030425,49.809783,"Персенківка"
2201204,1.24,26.42173386,50.44569778,"Українка"
2208479,1.79310344827586,30.65348625,46.43870926,"Одеса-Західна"
2200245,2,28.05086899,49.04226303,"Жмеринка-Подільська"
2210117,1.4375,35.19596481,47.04363632,"Роз'їзд 142 км"
2208469,1.35294117647059,30.33066177,46.69050217,"Карпове"
2210833,680.475247524752,34.773889,46.173611,"Генічеськ"
2210692,1.25,35.91568375,47.5270195,"Мала Токмачка"
2200257,8.225,28.5816288,48.70052719,"Юрківка"
2218141,4.58959537572254,25.132761,49.69176865,"Зборів"
2210708,1.38297872340426,36.025278,47.209444,"Стульневе"
2210897,199.2,33.14234543,47.67959213,"Інгулець"
2208455,2.25352112676056,29.796389,47.436389,"Перехрестове"
2210680,1.66666666666667,33.38319016,47.88136673,"Кривий Ріг"
2200737,2.57894736842105,27.97953224,49.06517792,"Межирів"
2218485,6.52604166666667,23.90843964,49.71647263,"Пустомити"
2218535,10.9230769230769,26.28133011,48.22411346,"Новоселиця"
2218452,25.2898550724638,26.85041428,48.43101883,"Ларга"
2210282,1.75,36.198611,47.190556,"Низяни"
2200149,2.7410071942446,30.75311661,50.13974762,"Трипілля-Дніпровське"
2218197,9.075,24.751392,48.876528,"Хриплин"
2218274,2.45121951219512,23.7317028,49.71534348,"Любинь-Великий"
2210727,1.71428571428571,33.608261,44.977909,"Прибережне"
2218043,2.28571428571429,24.38529587,50.92827225,"Овадне"
2200291,1.27272727272727,30.809167,49.852222,"Кагарлик"
2210788,2,36.595,47.309167,"Щебеночний"
2208414,1.86666666666667,32.849702,48.44308,"Чабанівка"
2208061,8.14285714285714,30.098333,48.729444,"Паланка 1"
2210704,4.96341463414634,36.12635422,47.82976532,"Гайчур"
2204174,13.5975609756098,36.275,48.940556,"Панютине"
2210320,1.36538461538462,34.272977,45.773337,"Богемка"
2208612,39.7073170731707,29.20596695,46.23030853,"Березине"
2201269,1,27.74599648,49.15772247,"Гришки"
2218247,3.96774193548387,25.684444,48.620278,"Стефанешти"
2218244,2,25.487416,48.663679,"Городенка-Місто"
2218564,21.04,25.47623825,48.68251801,"Городенко-Завод"
2200725,1.5,31.06049919,51.50136185,"Левковичі"
2218207,50.6666666666667,24.780278,49.041667,"Єзупіль"
2200218,3,27.16550255,49.75301743,"Старокостянтинів 1"
2208499,1.40909090909091,29.29495049,46.03115845,"Паризька"
2208053,1.76190476190476,29.356111,45.981389,"Теплиця"
2218242,5.4,25.287137,48.581135,"Гвіздець"
2200033,1.5,31.11252403,51.77855682,"Голубичі"
2200271,1.22727272727273,31.566111,51.971389,"Кузничі"
2208467,2.16666666666667,30.52411842,46.25358963,"Барабой"
2208522,4.48543689320388,33.0667572,47.30006027,"Лепетиха"
2209410,1.74545454545455,33.348056,47.355833,"Новодмитрівський"
2208128,1.25,32.41880035,46.76713181,"Чеховичі"
2209439,6.24761904761905,32.73350143,46.89619446,"Зрошувальна"
2209518,1.7741935483871,32.6942215,46.78407669,"Строковий"
2209510,1.90909090909091,32.66575241,46.6961937,"Херсон-Східний"
2200066,1.14285714285714,31.01230621,51.502388,"Жукотки"
2208317,5.22222222222222,33.375,47.375556,"Старосілля"
2201250,1.84615384615385,26.97464943,49.41671753,"Кам'янецький Переїзд"
2214123,39.2333333333333,38.749948,48.66804,"Сентянівка"
2214024,6.16666666666667,37.67924118,47.92080688,"Мандрикине"
2208307,1.63793103448276,32.6828537,46.74126053,"Текстильна"
2200106,3.27777777777778,28.67705727,51.07290268,"Бехи"
2208537,1.5,32.069403,46.915467,"Кульбакине"
2208006,1.6,33.399167,46.323611,"Новопавлівка"
2204418,10.4805194805195,37.609167,49.266944,"Радьківські Піски"
2204417,4.97058823529412,37.640833,49.381667,"Переддонбасівська"
2200105,9.28205128205128,28.71519852,51.14311981,"Ігнатпіль"
2204469,2.06666666666667,37.195,49.373056,"Закомельська"
2218056,1,25.31950569,50.69087982,"Гнидава"
2218059,3.4,25.02960587,50.52667999,"Сенкевичівка"
2200111,1.6,28.66703033,50.53745651,"Топорище"
2208325,1.84615384615385,32.581267,46.49974,"Сонячна"
2204416,3.48837209302326,37.688889,49.472778,"Ім.Олега Крючкова"
2200765,1.15384615384615,28.54408455,49.35586166,"Сосонка"
2208127,1,32.52936554,46.71818161,"Чорнобаївка"
2214275,270.75,37.57408524,47.15368271,"Сартана"
2200779,1,31.24851036,51.51980972,"Чернігів-Північний"
2209338,1.11111111111111,31.378606,48.188581,"Бешкетове"
2204013,4.73746312684366,33.4325,49.079722,"Кагамлицька"
2200017,2.45714285714286,33.15196609,51.36796188,"Мельня"
2200784,1.46575342465753,28.205833,48.955833,"Будьки"
2200309,1.76842105263158,31.48324203,52.09557343,"Лукошко"
2201187,1,27.20426941,49.34873962,"Верхній Участок"
2200067,1.32432432432432,30.90782547,51.50444794,"Малійки"
2200104,4.61538461538461,28.76805496,51.22554398,"Потаповичі"
2208493,1.51470588235294,29.2722168,45.94531631,"Давлет-Агач"
2200269,1.80645161290323,31.46445274,52.11809921,"Деревини"
2201151,1.44117647058824,31.488334,52.054995,"Перепис"
2201188,1.76190476190476,31.15488052,51.99547958,"Мала Строївка"
2218012,1,26.03532982,50.45760727,"Озеряни"
2200026,1.83333333333333,33.69894409,51.21118927,"Степанівка"
2209517,1,32.818921,47.091001,"Євгенівка"
2204166,1,37.285,49.312222,"Циганська"
2208477,1.5,30.79308891,46.63357925,"Кулиндорове"
